{"cameraMode":{"drawMode":0,"name":"Shaded","section":"Shading Mode"},"sceneLighting":false,"audioPlay":false,"sceneViewState":{"showFog":true,"showMaterialUpdate":false,"showSkybox":true,"showFlares":true,"showImageEffects":true,"showParticleSystems":true},"in2DMode":false,"pivot":{"x":35.510009765625,"y":-31.29528045654297,"z":32.401241302490237},"rotation":{"x":-0.2834147810935974,"y":-0.4185924828052521,"z":0.139325812458992,"w":-0.851495087146759},"size":63.14126205444336,"orthographic":false}